keywords,,,,,
doraemon,,,,,
Pok√©mon,,,,,
dragon,ball,,,,
detective,conan,,,,
one,piece,,,,
yo-kai,watch,,,,
gedo,senki,,,,
evangelion,,,,,
sazae-san,,,,,
oyako,club,,,,
digimon,,,,,
naruto,,,,,
gundam,,,,,
yu-gi-oh,,,,,
duel,masters,,,,
beyblade,,,,,
hamtaro,,,,,
shin-chan,,,,,
anpanman,,,,,
battle,spirits,,,,
gin,tama,,,,
dr.,slump,,,,
saint,seiya,,,,
rockman,,,,,
tamagotchi,,,,,
inazuma,eleven,,,,
sailor,moon,,,,
moomin,,,,,
hunter,x,hunter,,,
captain,tsubasa,,,,
megaman,,,,,
ojamajo,doremi,,,,
macross,,,,,
golgo,13,,,,
oishinbo,,,,,
attack,on,titan,,,
fist,of,the,black,star,
jojo's,bizarre,adventure,,,
the,kindaichi,case,files,,
hajime,no,ippo,,,
demon,slayer,,,,
baki,the,grappler,,,
kinnikuman,,,,,
rurouni,kenshin,,,,
fullmetal,alchemist,,,,
the,prince,of,tennis,,
ranma,,,,,
dragon,quest,,,,
devilman,,,,,
initial,man,,,,
inuyasha,,,,,
shizukaknaru,don,,,,
tokyo,ghoul,,,,
be-bop,high,school,,,
haikyu,,,,,
shaman,king,,,,
kimi,ni,todoke,,,
3,x,3,eyes,,
death,note,,,,
hitman,reborn,,,,
my,hero,academia,,,
black,butler,,,,
angel,heart,,,,
assassination,classroom,,,,
d,gray,,,,
gantz,,,,,
terra,formars,,,,
eyeshield,21,,,,
hell,teacher,nube,,,
kimagure,orange,road,,,
one-punch,man,,,,
the,rose,of,versailles,,
noragami,,,,,
parasyte,,,,,
no,game,no,life,,
code,geass,,,,
your,lie,in,april,,
akame,ga,kill,,,
ouran,high,school,,,
shokugeki,no,soma,,,
cowboy,bebop,,,,
steins;gate,,,,,
kuroko's,basketball,,,,
soul,eater,,,,
fate,zero,,,,
samurai,champloo,,,,
angel,beats,,,,
toradora,,,,,
hellsing,,,,,
gurren,lagann,,,,
kill,la,kill,,,
deadman,wonderland,,,,
yu,yu,hakusho,,,
owari,no,seraph,,,
durarara,,,,,
fate,stay,night,,,
elfen,lied,,,,
maid,sama,,,,
swort,art,online,,,
anohana,,,,,
black,lagoon,,,,
clannad,,,,,
guilty,crown,,,,
re:zero,,,,,
shigatsu,wa,kimi,no,uso,
saiki,kusuo,,,,
madoka,magika,,,,
nisekoi,,,,,
spice,and,wolf,,,
baccano,,,,,
afro,samurai,,,,
a,certain,magical,index,,
seraph,of,the,end,,
a,certain,scientific,railgun,,
kaze,no,stigma,,,
konosuba,,,,,
kimi,ni,todoke,,,
btooom,,,,,
full,metal,panic,,,
baka,and,test,,,
sekirei,,,,,
cardcaptor,sakura,,,,
aldnoah,zero,,,,
k-on,,,,,
danganronpa,,,,,
chobits,,,,,
higurashi,,,,,
shakugan,no,shana,,,
moana,,,,,
frozen,II,,,,
frozen,2,,,,
the,Lorax,,,,
spider,man,,,,
lion,king,,,,
sen,to,chihiro,no,kamikakusi,
spirited,away,,,,
toy,story,,,,
jutopia,,,,,
coco,,,,,
the,princess,and,the,frog,
howl's,moving,castle,,,
kimi,no,na,wa,,
mononke,hime,,,,
mulan,,,,,
rapunjel,,,,,
finding,nemo,,,,
despicable,me,,,,
ralph,breaks,the,internet,,
monsters,inc,,,,
wall,e,,,,
merida,and,the,magical,forest,
a,bug's,life,,,
the,little,mermaid,,,
who,framed,roger,rabbit,,
totoro,,,,,
the,secret,life,of,pets,
big,hero,6,,,
beauty,and,the,beast,,
chicken,run,,,,
how,to,train,your,dragon,
hotaru,no,haka,,,
hotel,transylvania,,,,
coraline,,,,,
kung,fu,panda,,,
ice,age,collision,course,,
lilo,stitch,,,,
ponyo,,,,,
tarzan,,,,,
naushika,,,,,
megamind,,,,,
isle,of,dogs,,,
finding,dory,,,,
koe,no,katachi,,,
cloudy,with,a,chance,of,meatballs
pocahontas,,,,,
kiki's,delievery,service,,,
rapyuta,,,,,
the,lego,movie,,,
ghost,in,the,shell,,
the,good,dinosaur,,,
happy,feet,,,,
the,boss,baby,,,
shrek,the,third,,,
porco,rosso,,,,
the,secret,world,of,arrietty,
whisper,of,the,heart,,
monster,house,,,,
spongebob,,,,,
shrek,forever,after,,,
rise,of,the,guardians,,
one,hundred,and,one,dalmatians,
simpsons,,,,,
antz,,,,,
alvin,and,the,chipmunks,,
monogatari,,,,,
smurfs,,,,,
fantasia,,,,,
star,wards,the,clone,wars,
south,park,,,,
adventure,time,,,,
powerpuff,girls,,,,
we,bare,bears,,,
ben,10,,,,
dexter's,laboratory,,,,
johnny,bravo,,,,
sumrai,jack,,,,
ninjago,,,,,
scooby-doo,,,,,
family,guy,,,,
rick,and,morty,,,
bojack,horseman,,,,
phineas,and,ferb,,,
futurama,,,,,
timon,&,pumbaa,,,
he-man,,,,,
the,flintstones,,,,
teen,titans,go,,,
my,little,pony,,,
rocko's,modern,life,,,
freakazoid,,,,,
the,last,airbender,,,
frisky,dingo,,,,
aeon,flux,,,,
rocky,and,bullwinkle,,,
ren,&,stimpy,,,
south,park,,,,
animaniacs,,,,,
steven,universe,,,,